{
  "name": "jquery-address",
  "homepage": "http://www.asual.com/jquery/address/",
  "repository": {
    "type": "git",
    "url": "git://github.com/asual/jquery-address.git"
  },
  "description": "jQuery Address - Deep linking for the masses",
  "main": "src/jquery.address.js",
  "keywords": [
    "address",
    "linking"
  ],
  "license": "MIT",
  "ignore": [
    "dist",
    "lib",
    "samples",
    "test",
    ".jshintrc",
    ".gitignore",
    "build.*",
    "**/*.txt"
  ],
  "dependencies": {
    "jquery": ">= 1.6.4"
  },
  "_release": "150639ed15",
  "_resolution": {
    "type": "branch",
    "branch": "master",
    "commit": "150639ed1517473eef7bbafe2a39475808ce6c52"
  },
  "_source": "git://github.com/asual/jquery-address.git",
  "_target": "*",
  "_originalSource": "jquery-address",
  "_direct": true
}